Dave Char,My Char,Dave Word,My Word,DC,MC
bertram,bertram,am,am,1,1
bertram,bertram,and,and,2,2
bertram,bertram,anew,anew,1,1
bertram,bertram,attend,attend,1,1
bertram,bertram,be,be,3,3
bertram,bertram,before,before,1,1
bertram,bertram,best,best,1,1
bertram,bertram,but,but,1,1
bertram,bertram,can,can,1,1
bertram,bertram,comfortable,comfortable,1,1
bertram,bertram,command,command,1,1
bertram,bertram,death,death,1,1
bertram,bertram,desire,desire,1,1
bertram,bertram,evermore,evermore,1,1
bertram,bertram,father's,father's,1,1
bertram,bertram,forged,forged,1,1
bertram,bertram,going,going,1,1
bertram,bertram,good,good,1,1
bertram,bertram,heard,heard,1,1
bertram,bertram,helena,helena,1,1
bertram,bertram,her,her,1,1
bertram,bertram,his,his,1,1
bertram,bertram,holy,holy,1,1
bertram,bertram,i,i,5,5
bertram,bertram,in,in,4,4
bertram,bertram,is,is,1,1
bertram,bertram,it,it,2,2
bertram,bertram,king,king,1,1
bertram,bertram,languishes,languishes,1,1
bertram,bertram,lord,lord,1,1
bertram,bertram,madam,madam,2,2
bertram,bertram,majesty's,majesty's,1,1
bertram,bertram,make,make,1,1
bertram,bertram,mistress,mistress,1,1
bertram,bertram,mother,mother,1,1
bertram,bertram,much,much,1,1
bertram,bertram,must,must,1,1
bertram,bertram,my,my,3,3
bertram,bertram,not,not,1,1
bertram,bertram,now,now,1,1
bertram,bertram,o'er,o'er,1,1
bertram,bertram,of,of,3,3
bertram,bertram,servants,servants,1,1
bertram,bertram,subjection,subjection,1,1
bertram,bertram,that,that,1,1
bertram,bertram,the,the,2,2
bertram,bertram,thoughts,thoughts,1,1
bertram,bertram,to,to,4,4
bertram,bertram,ward,ward,1,1
bertram,bertram,weep,weep,1,1
bertram,bertram,what,what,1,1
bertram,bertram,whom,whom,1,1
bertram,bertram,wishes,wishes,2,2
bertram,bertram,you,you,1,1
bertram,bertram,your,your,3,3
countess,countess,'had','tis,1,3
countess,countess,'tis,a,2,6
countess,countess,'tiswhose,able,1,1
countess,countess,a,achieves,6,1
countess,countess,able,advise,1,1
countess,countess,achieves,affect,1,1
countess,countess,advise,all,1,2
countess,countess,affect,almost,1,1
countess,countess,all,amendment,2,1
countess,countess,almost,an,1,2
countess,countess,amendment,and,1,10
countess,countess,an,approaches,2,1
countess,countess,and,are,10,2
countess,countess,approaches,as,1,3
countess,countess,are,be,2,7
countess,countess,as,bequeathed,3,1
countess,countess,be,bertram,7,2
countess,countess,bequeathed,best,1,1
countess,countess,bertram,better,2,1
countess,countess,best,birthright,1,1
countess,countess,better,bless,1,1
countess,countess,birthright,blest,1,1
countess,countess,bless,blood,1,1
countess,countess,blest,brine,1,1
countess,countess,blood,bury,1,1
countess,countess,brine,but,1,2
countess,countess,bury,can,1,1
countess,countess,but,carries,2,1
countess,countess,can,cheek,1,1
countess,countess,carries,cheque'd,1,1
countess,countess,cheek,child,1,1
countess,countess,cheque'd,commendations,1,1
countess,countess,child,contend,1,1
countess,countess,commendations,courtier,1,1
countess,countess,contend,de,1,1
countess,countess,courtier,death,1,2
countess,countess,de,delivering,1,1
countess,countess,death,derives,2,1
countess,countess,delivering,disease,1,1
countess,countess,derives,dispositions,1,1
countess,countess,disease,do,1,1
countess,countess,dispositions,down,1,1
countess,countess,do,education,1,1
countess,countess,down,empire,1,1
countess,countess,education,enemy,1,2
countess,countess,empire,excess,1,1
countess,countess,enemy,exit,2,1
countess,countess,excess,fair,1,1
countess,countess,exit,fairer,1,1
countess,countess,fair,fall,1,1
countess,countess,fairer,famous,1,1
countess,countess,fall,far,1,1
countess,countess,famous,farewell,1,2
countess,countess,far,father,1,3
countess,countess,farewell,few,2,1
countess,countess,father,for,2,8
countess,countess,fathero,friend,1,1
countess,countess,few,from,1,2
countess,countess,for,furnish,8,1
countess,countess,friend,gentlewoman,1,1
countess,countess,from,gerard,2,1
countess,countess,furnish,gifts,1,1
countess,countess,gentlewoman,go,1,2
countess,countess,gerard,good,1,2
countess,countess,gifts,goodness,1,2
countess,countess,go,great,2,2
countess,countess,good,grief,2,1
countess,countess,goodness,had,2,3
countess,countess,great,have,2,4
countess,countess,grief,he,1,2
countess,countess,had,head,2,1
countess,countess,have,heart,4,1
countess,countess,he,heaven,2,2
countess,countess,head,helena,1,1
countess,countess,heart,her,1,11
countess,countess,heaven,him,2,2
countess,countess,helena,his,1,5
countess,countess,her,honesty,11,2
countess,countess,him,hope,2,1
countess,countess,his,hopes,5,1
countess,countess,honesty,how,2,1
countess,countess,hope,husband,1,1
countess,countess,hopes,i,1,3
countess,countess,how,if,1,1
countess,countess,husband,immortal,1,1
countess,countess,i,in,3,8
countess,countess,if,inherits,1,1
countess,countess,immortal,is,1,1
countess,countess,in,it,8,6
countess,countess,inherits,keep,1,1
countess,countess,is,key,1,1
countess,countess,it,king's,6,2
countess,countess,keep,lack,1,1
countess,countess,key,lest,1,1
countess,countess,king's,life's,2,1
countess,countess,lack,livelihood,1,1
countess,countess,lest,living,1,2
countess,countess,life's,lord,1,3
countess,countess,livelihood,love,1,1
countess,countess,living,made,2,1
countess,countess,lord,maiden,3,1
countess,countess,love,majesty's,1,1
countess,countess,made,makes,1,2
countess,countess,maiden,manners,1,1
countess,countess,majesty's,may,1,1
countess,countess,makes,me,2,1
countess,countess,manners,mind,1,1
countess,countess,may,more,1,3
countess,countess,me,mortal,1,1
countess,countess,mind,my,1,6
countess,countess,more,narbon,3,1
countess,countess,mortal,nature,1,1
countess,countess,my,never,6,2
countess,countess,narbon,no,1,2
countess,countess,nature,none,1,1
countess,countess,never,o,2,1
countess,countess,no,of,2,7
countess,countess,none,on,1,1
countess,countess,of,overlooking,7,1
countess,countess,on,own,1,1
countess,countess,overlooking,passage,1,1
countess,countess,own,pity,1,1
countess,countess,passage,play,1,1
countess,countess,pity,pluck,1,1
countess,countess,play,power,1,1
countess,countess,pluck,praise,1,1
countess,countess,power,prayers,1,1
countess,countess,praise,profession,1,1
countess,countess,prayers,promises,1,1
countess,countess,profession,qualities,1,1
countess,countess,promises,rather,1,2
countess,countess,qualities,remembrance,1,1
countess,countess,rather,right,2,1
countess,countess,remembrance,sad,1,1
countess,countess,right,sake,1,1
countess,countess,sad,season,1,1
countess,countess,sake,second,1,1
countess,countess,season,shape,1,1
countess,countess,second,share,1,1
countess,countess,shape,she,1,2
countess,countess,share,should,1,1
countess,countess,she,silence,2,1
countess,countess,should,simpleness,1,1
countess,countess,silence,sir,1,1
countess,countess,simpleness,skill,1,1
countess,countess,sir,so,1,2
countess,countess,skill,sole,1,1
countess,countess,so,son,2,1
countess,countess,sole,soon,1,1
countess,countess,son,sorrow,1,1
countess,countess,soon,sorrows,1,1
countess,countess,sorrow,speech,1,1
countess,countess,sorrows,stretched,1,1
countess,countess,speech,succeed,1,1
countess,countess,stretched,takes,1,1
countess,countess,succeed,tax'd,1,1
countess,countess,takes,than,1,2
countess,countess,tax'd,that,1,3
countess,countess,than,the,2,10
countess,countess,that,thee,3,2
countess,countess,the,their,10,1
countess,countess,thee,there,2,2
countess,countess,their,they,1,2
countess,countess,there,thine,2,1
countess,countess,they,think,2,1
countess,countess,thine,this,1,2
countess,countess,think,those,1,1
countess,countess,this,thou,2,1
countess,countess,those,thought,1,1
countess,countess,thou,thy,1,7
countess,countess,thought,to,1,5
countess,countess,thy,too,7,1
countess,countess,to,traitors,5,1
countess,countess,too,trust,1,1
countess,countess,traitors,tyranny,1,1
countess,countess,trust,unclean,1,1
countess,countess,tyranny,under,1,1
countess,countess,unclean,unseason'd,1,1
countess,countess,under,use,1,1
countess,countess,unseason'd,virtue,1,1
countess,countess,use,virtues,1,1
countess,countess,virtue,virtuous,1,1
countess,countess,virtues,was,1,3
countess,countess,virtuous,were,1,1
countess,countess,was,what,3,2
countess,countess,were,where,1,1
countess,countess,what,which,2,1
countess,countess,where,whose,1,1
countess,countess,which,will,1,1
countess,countess,will,with,1,2
countess,countess,with,work,2,1
countess,countess,work,would,1,3
countess,countess,would,wrong,3,1
countess,countess,wrong,you,1,1
countess,countess,you,young,1,1
countess,helena,young,'t,1,1
helena,helena,'t,'tis,1,1
helena,helena,'tis,'twas,1,1
helena,helena,'twas,'twere,1,1
helena,helena,'twere,a,1,25
helena,helena,a,above,25,1
helena,helena,above,adoptious,1,1
helena,helena,adoptious,affect,1,1
helena,helena,affect,against,1,1
helena,helena,against,all,1,2
helena,helena,all,alone,2,1
helena,helena,alone,am,1,1
helena,helena,am,ambition,1,2
helena,helena,ambition,an,2,1
helena,helena,an,and,1,25
helena,helena,and,arched,25,1
helena,helena,arched,are,1,2
helena,helena,are,ascribe,2,1
helena,helena,ascribe,aside,1,1
helena,helena,aside,ask,1,1
helena,helena,ask,assails,1,1
helena,helena,assails,attempts,1,1
helena,helena,attempts,away,1,2
helena,helena,away,ay,2,1
helena,helena,ay,backward,1,2
helena,helena,backward,barricado,2,1
helena,helena,barricado,baser,1,1
helena,helena,baser,be,1,7
helena,helena,be,been,7,1
helena,helena,been,bertram,1,1
helena,helena,bertram,bertram's,1,1
helena,helena,bertram's,bleak,1,1
helena,helena,bleak,bless,1,1
helena,helena,bless,blinking,1,1
helena,helena,blinking,blow,1,1
helena,helena,blow,blowers,1,1
helena,helena,blowers,body,1,1
helena,helena,body,bones,1,1
helena,helena,bones,born,1,3
helena,helena,born,bright,3,2
helena,helena,bright,brings,2,1
helena,helena,brings,brows,1,1
helena,helena,brows,but,1,6
helena,helena,but,by,6,1
helena,helena,by,cannot,1,2
helena,helena,cannot,capable,2,1
helena,helena,capable,captain,1,1
helena,helena,captain,carries,1,1
helena,helena,carries,charitable,1,1
helena,helena,charitable,christendoms,1,1
helena,helena,christendoms,cold,1,2
helena,helena,cold,collateral,2,1
helena,helena,collateral,comes,1,1
helena,helena,comes,comforted,1,1
helena,helena,comforted,composition,1,1
helena,helena,composition,concord,1,1
helena,helena,concord,counsellor,1,1
helena,helena,counsellor,court's,1,1
helena,helena,court's,coward,1,1
helena,helena,coward,cupid,1,1
helena,helena,cupid,curls,1,1
helena,helena,curls,dear,1,1
helena,helena,dear,deceive,1,1
helena,helena,deceive,defence,1,1
helena,helena,defence,designs,1,1
helena,helena,designs,did,1,1
helena,helena,did,die,1,2
helena,helena,die,disaster,2,1
helena,helena,disaster,discord,1,1
helena,helena,discord,disease,1,1
helena,helena,diseasemy,do,1,5
helena,helena,do,doth,5,1
helena,helena,doth,draw,1,1
helena,helena,draw,dulcet,1,1
helena,helena,dulcet,dull,1,1
helena,helena,dull,effects,1,1
helena,helena,effects,enemy,1,2
helena,helena,enemy,enter,2,2
helena,helena,enter,especially,2,1
helena,helena,especially,ever,1,1
helena,helena,ever,every,1,2
helena,helena,every,evils,2,1
helena,helena,evils,exit,1,1
helena,helena,exit,eye,1,2
helena,helena,eye,faith,2,1
helena,helena,faith,fancy,1,1
helena,helena,fancy,fated,1,1
helena,helena,fated,father,1,1
helena,helena,father,favour,1,2
helena,helena,favour,fear,2,2
helena,helena,fear,feed,2,1
helena,helena,feed,felt,1,1
helena,helena,felt,fight,1,1
helena,helena,fight,fit,1,1
helena,helena,fit,fix'd,1,1
helena,helena,fix'd,fixed,1,1
helena,helena,fixed,follow,1,1
helena,helena,follow,folly,1,1
helena,helena,folly,fond,1,1
helena,helena,fond,fool,1,1
helena,helena,fool,for,1,4
helena,helena,for,forgot,4,1
helena,helena,forgot,fortune,1,1
helena,helena,fortune,free,1,1
helena,helena,free,friend,1,1
helena,helena,friend,friends,1,1
helena,helena,friends,from,1,1
helena,helena,from,full,1,1
helena,helena,full,gives,1,1
helena,helena,gives,go,1,1
helena,helena,go,god,1,1
helena,helena,god,goddess,1,1
helena,helena,goddess,goes,1,1
helena,helena,goes,gone,1,1
helena,helena,gone,good,1,1
helena,helena,good,gossips,1,1
helena,helena,gossips,grace,1,1
helena,helena,grace,great,1,2
helena,helena,great,guide,2,1
helena,helena,guide,had,1,1
helena,helena,had,hath,1,1
helena,helena,hath,have,1,5
helena,helena,have,hawking,5,1
helena,helena,hawking,he,1,7
helena,helena,he,he's,7,1
helena,helena,he's,heart,1,1
helena,helena,heart,heart's,1,1
helena,helena,heart's,heaven,1,1
helena,helena,heaven,her,1,3
helena,helena,her,here,3,1
helena,helena,here,high,1,1
helena,helena,high,him,1,10
helena,helena,him,hind,10,1
helena,helena,hind,his,1,14
helena,helena,his,hour,14,1
helena,helena,hour,how,1,3
helena,helena,how,humble,3,1
helena,helena,humble,humility,1,1
helena,helena,humility,i,1,17
helena,helena,i,i',17,1
helena,helena,i',idolatrous,1,1
helena,helena,idolatrous,if,1,1
helena,helena,if,imagination,1,1
helena,helena,imagination,impossible,1,1
helena,helena,impossible,in,1,12
helena,helena,in,in't,12,2
helena,helena,in't,indeed,2,1
helena,helena,indeed,intents,1,1
helena,helena,intents,is,1,9
helena,helena,is,it,9,5
helena,helena,it,itself,5,1
helena,helena,itself,jarring,1,1
helena,helena,jarring,join,1,1
helena,helena,join,kept,1,1
helena,helena,kept,king's,1,1
helena,helena,king's,kiss,1,1
helena,helena,kiss,know,1,2
helena,helena,know,learning,2,1
helena,helena,learning,leave,1,1
helena,helena,leave,let,1,1
helena,helena,let,liar,1,1
helena,helena,liar,lie,1,1
helena,helena,lie,light,1,1
helena,helena,light,like,1,4
helena,helena,like,likes,4,1
helena,helena,likes,liking,1,1
helena,helena,liking,line,1,1
helena,helena,line,lion,1,1
helena,helena,lion,little,1,1
helena,helena,little,living,1,1
helena,helena,living,look,1,1
helena,helena,look,lose,1,1
helena,helena,lose,love,1,6
helena,helena,love,loves,6,1
helena,helena,loves,makes,1,2
helena,helena,makes,man,2,1
helena,helena,man,mars,1,2
helena,helena,mars,master,2,1
helena,helena,master,mated,1,1
helena,helena,mated,may,1,2
helena,helena,may,me,2,5
helena,helena,me,men,5,1
helena,helena,men,merit,1,1
helena,helena,merit,might,1,4
helena,helena,might,mightiest,4,1
helena,helena,mightiest,military,1,1
helena,helena,military,mine,1,1
helena,helena,mine,miss,1,1
helena,helena,miss,mistress,1,1
helena,helena,mistress,monarch,1,1
helena,helena,monarch,monsieur,1,1
helena,helena,monsieur,more,1,1
helena,helena,more,mother,1,1
helena,helena,mother,mounts,1,1
helena,helena,mounts,much,1,1
helena,helena,much,must,1,5
helena,helena,must,my,5,8
helena,helena,my,native,7,1
helena,helena,native,nature,1,1
helena,helena,nature,needs,1,1
helena,helena,needs,never,1,1
helena,helena,never,no,1,4
helena,helena,no,none,4,1
helena,helena,none,not,1,6
helena,helena,not,notorious,6,1
helena,helena,notorious,now,1,2
helena,helena,now,o,2,1
helena,helena,o,of,1,6
helena,helena,of,oft,6,2
helena,helena,oft,on,2,2
helena,helena,on,one,2,4
helena,helena,one,only,4,1
helena,helena,only,our,1,6
helena,helena,our,ourselves,6,2
helena,helena,ourselves,own,2,1
helena,helena,own,page,1,1
helena,helena,page,pains,1,1
helena,helena,pains,parolles,1,2
helena,helena,parolles,particular,2,1
helena,helena,particular,phoenix,1,1
helena,helena,phoenix,pity,1,1
helena,helena,pity,place,1,2
helena,helena,place,plague,2,1
helena,helena,plague,plagues,1,1
helena,helena,plagues,policy,1,1
helena,helena,policy,poor,1,1
helena,helena,poor,poorer,1,1
helena,helena,poorer,power,1,1
helena,helena,power,pretty,1,2
helena,helena,pretty,project,2,1
helena,helena,project,proposes,1,1
helena,helena,proposes,proud,1,1
helena,helena,proud,pull,1,1
helena,helena,pull,question,1,1
helena,helena,question,radiance,1,1
helena,helena,radiance,rather,1,1
helena,helena,rather,reliques,1,1
helena,helena,reliques,remedies,1,1
helena,helena,remedies,remembrance,1,1
helena,helena,remembrance,resistance,1,1
helena,helena,resistance,retrograde,1,1
helena,helena,retrograde,return,1,1
helena,helena,return,running,1,1
helena,helena,running,safety,1,1
helena,helena,safety,sake,1,1
helena,helena,sake,sanctify,1,1
helena,helena,sanctify,scope,1,1
helena,helena,scope,see,1,3
helena,helena,see,send,3,1
helena,helena,send,sense,1,1
helena,helena,sense,shall,1,3
helena,helena,shall,shed,3,1
helena,helena,shed,should,1,1
helena,helena,should,show,1,2
helena,helena,show,shut,2,1
helena,helena,shut,sir,1,1
helena,helena,sir,sit,1,2
helena,helena,sit,sky,2,1
helena,helena,sky,slow,1,1
helena,helena,slow,so,1,7
helena,helena,so,soldier,7,1
helena,helena,soldier,solely,1,1
helena,helena,solely,some,1,2
helena,helena,some,sorrow,2,1
helena,helena,sorrow,sovereign,1,1
helena,helena,sovereign,space,1,1
helena,helena,space,sphere,1,1
helena,helena,sphere,stain,1,1
helena,helena,stain,stand,1,1
helena,helena,stand,star,1,2
helena,helena,star,stars,2,1
helena,helena,stars,steely,1,1
helena,helena,steely,strange,1,1
helena,helena,strange,strove,1,1
helena,helena,strove,superfluous,1,1
helena,helena,superfluous,suppose,1,1
helena,helena,suppose,sweet,1,2
helena,helena,sweet,table,2,1
helena,helena,table,take,1,1
helena,helena,take,tears,1,1
helena,helena,tears,than,1,1
helena,helena,than,thanks,1,1
helena,helena,thanks,that,1,14
helena,helena,that,the,14,14
helena,helena,the,their,14,1
helena,helena,their,them,1,1
helena,helena,them,there,1,3
helena,helena,there,therefore,3,1
helena,helena,therefore,these,1,2
helena,helena,these,they,2,1
helena,helena,they,things,1,1
helena,helena,things,think,1,6
helena,helena,think,those,6,2
helena,helena,those,though,2,3
helena,helena,though,thousand,3,1
helena,helena,thousand,thus,1,1
helena,helena,thus,to,1,10
helena,helena,to,too,10,2
helena,helena,too,traitress,2,1
helena,helena,traitress,trick,1,1
helena,helena,trick,under,1,4
helena,helena,under,underminers,4,1
helena,helena,underminers,undone,1,1
helena,helena,undone,unfold,1,1
helena,helena,unfold,up,1,3
helena,helena,up,us,3,4
helena,helena,us,valiant,4,1
helena,helena,valiant,valour,1,1
helena,helena,valour,virgin,1,1
helena,helena,virgin,virginity,1,4
helena,helena,virginity,virgins,4,1
helena,helena,virgins,virtue,1,1
helena,helena,virtue,virtue's,1,1
helena,helena,virtue's,waiting,1,1
helena,helena,waiting,warlike,1,1
helena,helena,warlike,wars,1,1
helena,helena,wars,was,1,2
helena,helena,was,way,2,1
helena,helena,way,we,1,6
helena,helena,we,weak,6,1
helena,helena,weak,wear,1,1
helena,helena,wear,wed,1,1
helena,helena,wed,weigh,1,1
helena,helena,weigh,well,1,4
helena,helena,well,were,4,2
helena,helena,were,what,2,5
helena,helena,what,when,5,5
helena,helena,when,which,5,4
helena,helena,which,who,4,2
helena,helena,who,whose,2,1
helena,helena,whose,will,1,2
helena,helena,will,wind,2,1
helena,helena,wind,wing,1,1
helena,helena,wing,wisdom,1,1
helena,helena,wisdom,wish,1,1
helena,helena,wish,wishes,1,1
helena,helena,wishes,wishing,1,1
helena,helena,wishing,with,1,3
helena,helena,with,withal,3,1
helena,helena,withal,world,1,1
helena,helena,world,would,1,1
helena,helena,would,yet,1,4
helena,helena,yet,you,4,10
helena,helena,you,your,10,2
helena,lafeu,your,a,2,3
lafeu,lafeu,a,abandoned,3,1
lafeu,lafeu,abandoned,abundance,1,1
lafeu,lafeu,abundance,admiringly,1,1
lafeu,lafeu,admiringly,advantage,1,1
lafeu,lafeu,advantage,against,1,1
lafeu,lafeu,against,all,1,1
lafeu,lafeu,all,and,1,3
lafeu,lafeu,and,at,3,1
lafeu,lafeu,at,attend,1,1
lafeu,lafeu,attend,be,1,1
lafeu,lafeu,be,bertram,1,1
lafeu,lafeu,bertram,best,1,1
lafeu,lafeu,best,but,1,1
lafeu,lafeu,but,by,1,1
lafeu,lafeu,by,called,1,1
lafeu,lafeu,called,cannot,1,1
lafeu,lafeu,cannot,commendations,1,1
lafeu,lafeu,commendations,could,1,1
lafeu,lafeu,could,credit,1,1
lafeu,lafeu,credit,daughter,1,1
lafeu,lafeu,daughter,de,1,1
lafeu,lafeu,de,dead,1,1
lafeu,lafeu,dead,enemy,1,1
lafeu,lafeu,enemy,enough,1,1
lafeu,lafeu,enough,excellent,1,1
lafeu,lafeu,excellent,excessive,1,1
lafeu,lafeu,excessive,exeunt,1,1
lafeu,lafeu,exeunt,farewell,1,1
lafeu,lafeu,farewell,father,1,2
lafeu,lafeu,father,find,2,1
lafeu,lafeu,find,finds,1,1
lafeu,lafeu,finds,fistula,1,1
lafeu,lafeu,fistula,from,1,1
lafeu,lafeu,from,generally,1,1
lafeu,lafeu,generally,gentlewoman,1,1
lafeu,lafeu,gentlewoman,gerard,1,1
lafeu,lafeu,gerard,get,1,1
lafeu,lafeu,get,good,1,1
lafeu,lafeu,good,grief,1,1
lafeu,lafeu,grief,hath,1,2
lafeu,lafeu,hath,have,2,1
lafeu,lafeu,have,he,1,6
lafeu,lafeu,he,her,6,1
lafeu,lafeu,her,him,1,1
lafeu,lafeu,him,his,1,3
lafeu,lafeu,his,hold,3,2
lafeu,lafeu,hold,hope,2,2
lafeu,lafeu,hope,how,2,2
lafeu,lafeu,how,husband,2,1
lafeu,lafeu,husband,i,1,1
lafeu,lafeu,i,if,1,1
lafeu,lafeu,if,in,1,1
lafeu,lafeu,in,indeed,1,1
lafeu,lafeu,indeed,is,1,3
lafeu,lafeu,is,it,3,4
lafeu,lafeu,it,king,4,2
lafeu,lafeu,king,knowledge,2,1
lafeu,lafeu,knowledge,lack,1,1
lafeu,lafeu,lack,lady,1,1
lafeu,lafeu,lady,lafeu,1,1
lafeu,lafeu,lafeu,lamentation,1,1
lafeu,lafeu,lamentation,lately,1,1
lafeu,lafeu,lately,lived,1,1
lafeu,lafeu,lived,living,1,1
lafeu,lafeu,living,lord,1,1
lafeu,lafeu,lord,losing,1,1
lafeu,lafeu,losing,love,1,1
lafeu,lafeu,love,madam,1,5
lafeu,lafeu,madam,man,5,1
lafeu,lafeu,man,moderate,1,1
lafeu,lafeu,moderate,mortality,1,1
lafeu,lafeu,mortality,mourningly,1,1
lafeu,lafeu,mourningly,must,1,2
lafeu,lafeu,must,my,2,1
lafeu,lafeu,my,narbon,1,1
lafeu,lafeu,narbon,necessity,1,1
lafeu,lafeu,necessity,no,1,1
lafeu,lafeu,no,not,1,1
lafeu,lafeu,not,notorious,1,1
lafeu,lafeu,notorious,of,1,8
lafeu,lafeu,of,only,8,1
lafeu,lafeu,only,other,1,1
lafeu,lafeu,other,persecuted,1,1
lafeu,lafeu,persecuted,physicians,1,1
lafeu,lafeu,physicians,practises,1,1
lafeu,lafeu,practises,pretty,1,1
lafeu,lafeu,pretty,process,1,1
lafeu,lafeu,process,rather,1,1
lafeu,lafeu,rather,right,1,1
lafeu,lafeu,right,set,1,1
lafeu,lafeu,set,shall,1,2
lafeu,lafeu,shall,sir,2,1
lafeu,lafeu,sir,skilful,1,1
lafeu,lafeu,skilful,so,1,1
lafeu,lafeu,so,speak,1,1
lafeu,lafeu,speak,spoke,1,1
lafeu,lafeu,spoke,still,1,1
lafeu,lafeu,still,stir,1,1
lafeu,lafeu,stir,such,1,1
lafeu,lafeu,such,tears,1,1
lafeu,lafeu,tears,than,1,1
lafeu,lafeu,than,that,1,3
lafeu,lafeu,that,the,3,12
lafeu,lafeu,the,there,12,1
lafeu,lafeu,there,this,1,1
lafeu,lafeu,this,time,1,2
lafeu,lafeu,time,times,2,1
lafeu,lafeu,times,to,1,3
lafeu,lafeu,to,under,3,1
lafeu,lafeu,under,understand,1,1
lafeu,lafeu,understand,up,1,2
lafeu,lafeu,up,very,2,1
lafeu,lafeu,very,virtue,1,1
lafeu,lafeu,virtue,want,1,1
lafeu,lafeu,want,wanted,1,1
lafeu,lafeu,wanted,was,1,3
lafeu,lafeu,was,we,3,1
lafeu,lafeu,we,were,1,1
lafeu,lafeu,were,where,1,2
lafeu,lafeu,where,whose,2,2
lafeu,lafeu,whose,with,2,1
lafeu,lafeu,with,worthiness,1,1
lafeu,lafeu,worthiness,would,1,2
lafeu,lafeu,would,you,2,6
lafeu,lafeu,you,your,6,2
lafeu,page,your,calls,2,1
page,page,calls,exit,1,1
page,page,exit,for,1,1
page,page,for,lord,1,1
page,page,lord,monsieur,1,1
page,page,monsieur,my,1,1
page,page,my,parolles,1,1
page,page,parolles,you,1,1
page,parolles,you,'t,1,5
parolles,parolles,'t,'tis,5,6
parolles,parolles,'tis,a,6,10
parolles,parolles,a,accuse,10,1
parolles,parolles,accuse,acutely,1,1
parolles,parolles,acutely,advantage,1,1
parolles,parolles,advantage,advice,1,1
parolles,parolles,advice,again,1,1
parolles,parolles,again,against,1,2
parolles,parolles,against,all,2,1
parolles,parolles,all,am,1,1
parolles,parolles,am,an,1,1
parolles,parolles,an,and,1,11
parolles,parolles,and,answer,11,2
parolles,parolles,answer,anything,2,1
parolles,parolles,anything,are,1,1
parolles,parolles,are,as,1,2
parolles,parolles,as,at,2,1
parolles,parolles,at,away,1,3
parolles,parolles,away,be,3,5
parolles,parolles,be,before,5,1
parolles,parolles,before,being,1,3
parolles,parolles,being,besides,3,1
parolles,parolles,besides,better,1,2
parolles,parolles,better,blow,2,1
parolles,parolles,blow,blowing,1,1
parolles,parolles,blowing,blown,1,2
parolles,parolles,blown,breach,2,1
parolles,parolles,breach,breeds,1,1
parolles,parolles,breeds,brooch,1,1
parolles,parolles,brooch,buried,1,1
parolles,parolles,buried,businesses,1,1
parolles,parolles,businesses,but,1,2
parolles,parolles,but,by,2,2
parolles,parolles,by,by't,2,1
parolles,parolles,by't,can,1,2
parolles,parolles,can,cannot,2,2
parolles,parolles,cannot,canon,2,1
parolles,parolles,canon,cap,1,1
parolles,parolles,cap,capable,1,1
parolles,parolles,capable,cheek,1,1
parolles,parolles,cheek,cheese,1,1
parolles,parolles,cheese,choose,1,1
parolles,parolles,choose,city,1,1
parolles,parolles,city,cold,1,1
parolles,parolles,cold,commodity,1,1
parolles,parolles,commodity,commonwealth,1,1
parolles,parolles,commonwealth,companion,1,1
parolles,parolles,companion,consumes,1,1
parolles,parolles,consumes,counsel,1,1
parolles,parolles,counsel,court,1,1
parolles,parolles,court,courtier,1,2
parolles,parolles,courtier,courtier's,2,1
parolles,parolles,courtier's,date,1,1
parolles,parolles,date,desperate,1,1
parolles,parolles,desperate,dies,1,1
parolles,parolles,dies,diest,1,1
parolles,parolles,diest,disobedience,1,1
parolles,parolles,disobedience,down,1,3
parolles,parolles,down,drily,3,1
parolles,parolles,drily,eats,1,1
parolles,parolles,eats,else,1,1
parolles,parolles,else,ever,1,2
parolles,parolles,ever,exit,2,1
parolles,parolles,exit,fair,1,1
parolles,parolles,fair,faith,1,1
parolles,parolles,faith,farewell,1,3
parolles,parolles,farewell,fashion,3,1
parolles,parolles,fashion,feeding,1,1
parolles,parolles,feeding,first,1,1
parolles,parolles,first,for,1,1
parolles,parolles,for,formerly,1,1
parolles,parolles,formerly,found,1,1
parolles,parolles,found,french,1,1
parolles,parolles,french,friends,1,1
parolles,parolles,friends,full,1,1
parolles,parolles,full,get,1,1
parolles,parolles,get,gloss,1,1
parolles,parolles,gloss,good,1,1
parolles,parolles,good,goodly,1,1
parolles,parolles,goodly,got,1,1
parolles,parolles,got,hangs,1,1
parolles,parolles,hangs,hast,1,2
parolles,parolles,hast,he,2,3
parolles,parolles,he,helen,3,1
parolles,parolles,helen,her,1,1
parolles,parolles,her,highways,1,1
parolles,parolles,highways,him,1,4
parolles,parolles,him,himself,4,1
parolles,parolles,himself,his,1,1
parolles,parolles,his,husband,1,1
parolles,parolles,husband,i,1,6
parolles,parolles,i,i',6,1
parolles,parolles,i',idle,1,1
parolles,parolles,idle,if,1,1
parolles,parolles,if,ignorance,1,1
parolles,parolles,ignorance,ill,1,2
parolles,parolles,ill,in,2,9
parolles,parolles,in,increase,9,2
parolles,parolles,increase,infallible,2,1
parolles,parolles,infallible,inhibited,1,1
parolles,parolles,inhibited,instruction,1,1
parolles,parolles,instruction,is,1,13
parolles,parolles,is,it,13,9
parolles,parolles,it,itself,9,4
parolles,parolles,itself,just,4,1
parolles,parolles,just,keep,1,2
parolles,parolles,keep,kept,2,2
parolles,parolles,kept,leisure,2,1
parolles,parolles,leisure,less,1,1
parolles,parolles,less,let,1,1
parolles,parolles,let,like,1,5
parolles,parolles,like,likes,5,1
parolles,parolles,likes,limit,1,1
parolles,parolles,limit,little,1,2
parolles,parolles,little,longer,2,1
parolles,parolles,longer,looks,1,1
parolles,parolles,looks,loose,1,1
parolles,parolles,loose,lose,1,2
parolles,parolles,lose,loss,2,1
parolles,parolles,loss,lost,1,3
parolles,parolles,lost,lying,3,1
parolles,parolles,lying,made,1,3
parolles,parolles,made,make,3,2
parolles,parolles,make,makes,2,1
parolles,parolles,makes,man,1,2
parolles,parolles,man,marry,2,4
parolles,parolles,marry,mars,4,2
parolles,parolles,mars,may,2,1
parolles,parolles,may,me,1,1
parolles,parolles,me,meditating,1,1
parolles,parolles,meditating,metal,1,1
parolles,parolles,metal,mites,1,1
parolles,parolles,mites,most,1,2
parolles,parolles,most,mothers,2,1
parolles,parolles,mothers,much,1,2
parolles,parolles,much,murders,2,1
parolles,parolles,murders,my,1,1
parolles,parolles,my,naturalize,1,1
parolles,parolles,naturalize,nature,1,3
parolles,parolles,nature,ne'er,3,1
parolles,parolles,ne'er,never,1,1
parolles,parolles,never,no,1,1
parolles,parolles,no,none,1,2
parolles,parolles,none,not,2,4
parolles,parolles,not,now,4,1
parolles,parolles,now,of,1,13
parolles,parolles,of,off,13,1
parolles,parolles,off,offendress,1,1
parolles,parolles,offendress,old,1,2
parolles,parolles,old,on,2,2
parolles,parolles,on,once,2,1
parolles,parolles,once,one,1,2
parolles,parolles,one,our,2,1
parolles,parolles,our,out,1,4
parolles,parolles,out,own,4,1
parolles,parolles,own,paring,1,1
parolles,parolles,paring,part,1,1
parolles,parolles,part,pear,1,2
parolles,parolles,pear,pears,2,1
parolles,parolles,pears,peevish,1,1
parolles,parolles,peevish,perfect,1,1
parolles,parolles,perfect,pie,1,1
parolles,parolles,pie,pity,1,1
parolles,parolles,pity,politic,1,1
parolles,parolles,politic,porridge,1,1
parolles,parolles,porridge,prayers,1,1
parolles,parolles,prayers,predominant,1,1
parolles,parolles,predominant,preserve,1,1
parolles,parolles,preserve,principal,1,1
parolles,parolles,principal,proud,1,1
parolles,parolles,proud,queen,1,1
parolles,parolles,queen,quicklier,1,1
parolles,parolles,quicklier,rational,1,1
parolles,parolles,rational,remember,1,2
parolles,parolles,remember,request,2,1
parolles,parolles,request,return,1,1
parolles,parolles,return,richly,1,1
parolles,parolles,richly,rule,1,1
parolles,parolles,rule,said,1,1
parolles,parolles,said,sanctified,1,1
parolles,parolles,sanctified,save,1,1
parolles,parolles,save,say,1,1
parolles,parolles,say,see,1,1
parolles,parolles,see,self-love,1,1
parolles,parolles,self-love,serve,1,1
parolles,parolles,serve,shall,1,2
parolles,parolles,shall,should,2,1
parolles,parolles,should,sin,1,1
parolles,parolles,sin,sitting,1,1
parolles,parolles,sitting,so,1,5
parolles,parolles,so,speak,5,1
parolles,parolles,speak,stomach,1,1
parolles,parolles,stomach,suited,1,1
parolles,parolles,suited,ten,1,3
parolles,parolles,ten,than,3,1
parolles,parolles,than,that,1,3
parolles,parolles,that,that's,3,1
parolles,parolles,that's,the,1,16
parolles,parolles,the,thee,16,8
parolles,parolles,thee,there,8,2
parolles,parolles,there,there's,2,1
parolles,parolles,there's,thine,1,2
parolles,parolles,thine,think,2,2
parolles,parolles,think,thou,2,4
parolles,parolles,thou,thrust,4,1
parolles,parolles,thrust,thy,1,2
parolles,parolles,thy,till,2,1
parolles,parolles,till,time,1,1
parolles,parolles,time,times,1,1
parolles,parolles,times,to,1,7
parolles,parolles,to,too,7,1
parolles,parolles,too,tooth-pick,1,1
parolles,parolles,tooth-pick,under,1,2
parolles,parolles,under,undermine,2,1
parolles,parolles,undermine,understand,1,1
parolles,parolles,understand,unsuitable,1,1
parolles,parolles,unsuitable,unthankfulness,1,1
parolles,parolles,unthankfulness,up,1,2
parolles,parolles,up,upon,2,1
parolles,parolles,upon,use,1,1
parolles,parolles,use,uses,1,1
parolles,parolles,uses,vendible,1,1
parolles,parolles,vendible,very,1,1
parolles,parolles,very,virgin,1,2
parolles,parolles,virgin,virginity,2,13
parolles,parolles,virginity,virgins,13,1
parolles,parolles,virgins,was,1,4
parolles,parolles,was,wear,4,1
parolles,parolles,wear,wears,1,1
parolles,parolles,wears,were,1,1
parolles,parolles,were,what,1,2
parolles,parolles,what,what's,2,1
parolles,parolles,what's,when,1,3
parolles,parolles,when,which,3,5
parolles,parolles,which,while,5,1
parolles,parolles,while,why,1,2
parolles,parolles,why,will,2,7
parolles,parolles,will,wilt,7,1
parolles,parolles,wilt,with,1,8
parolles,parolles,with,withered,8,3
parolles,parolles,withered,within,3,1
parolles,parolles,within,worse,1,1
parolles,parolles,worse,worth,1,1
parolles,parolles,worth,year,1,1
parolles,parolles,year,yet,1,1
parolles,parolles,yet,you,1,10
parolles,parolles,you,your,10,8
parolles,parolles,your,yourselves,8,1
parolles,,yourselves,,1,
